﻿<?xml version="1.0" encoding="UTF-8"?>
<configuration date="2016/12/07" author="e.World Technology Ltd.">
  <project id="{8f9e4799-e991-49ac-a0be-7b3f0a30522b}" file="" name="project2" product="PHPMaker" version="13.0" datetime="2016/12/07 11:34:28" languagefolder="phplang" userlevel="-2,&quot;Anonymous&quot;,0;">
    <table id="book" name="book" caption="Book" userlevel="-2,&quot;Anonymous&quot;,0;" priv="1" />
    <table id="check_in" name="check_in" caption="check in" userlevel="-2,&quot;Anonymous&quot;,0;" priv="1" />
    <table id="check_out" name="check_out" caption="check out" userlevel="-2,&quot;Anonymous&quot;,0;" priv="1" />
    <table id="department" name="department" caption="department" userlevel="-2,&quot;Anonymous&quot;,0;" priv="1" />
    <table id="student" name="student" caption="student" userlevel="-2,&quot;Anonymous&quot;,0;" priv="1" />
    <table id="teachers" name="teachers" caption="teachers" userlevel="-2,&quot;Anonymous&quot;,0;" priv="1" />
  </project>
</configuration>